<?xml version="1.0" encoding="UTF-8"?>
<!DOCTYPE build-type SYSTEM "../../../project-config.dtd">

<build-type>
  <name>2. CD (master to test.codeshelf.com)</name>
  <description>Continuous Delivery (master to test.codeshelf.com)</description>
  <settings>
    <options>
      <option name="artifactRules" value="target/buildweb.txt&#xA;target/web_app.tgz" />
      <option name="buildNumberPattern" value="10.%build.counter%" />
    </options>
    <parameters />
    <build-runners>
      <runner id="RUNNER_10" name="Create version.json" type="simpleRunner">
        <parameters>
          <param name="script.content"><![CDATA[echo { \"major\": \"10\", \"revision\": \"%build.counter%\", > version.json
echo \"date\": \"`date`\", \"branch\": \"%vcsroot.branch%\", \"commit\": \"%build.vcs.number%\" } >> version.json]]></param>
          <param name="teamcity.build.workingDir" value="src/html" />
          <param name="teamcity.step.mode" value="default" />
          <param name="use.custom.script" value="true" />
        </parameters>
      </runner>
      <runner id="RUNNER_8" name="build-for-stage" type="Ant">
        <parameters>
          <param name="build-file-path" value="build/build.xml" />
          <param name="target" value="build-for-stage" />
          <param name="teamcity.build.workingDir" value="build/" />
          <param name="teamcity.step.mode" value="default" />
        </parameters>
      </runner>
      <runner id="RUNNER_9" name="Create js archive" type="simpleRunner">
        <parameters>
          <param name="script.content" value="tar -czf ../web_app.tgz ./" />
          <param name="teamcity.build.workingDir" value="target/web/" />
          <param name="teamcity.step.mode" value="default" />
          <param name="use.custom.script" value="true" />
        </parameters>
      </runner>
      <runner id="RUNNER_11" name="Deploy to test" type="simpleRunner">
        <parameters>
          <param name="script.content"><![CDATA[cp web/version.json ./buildweb.txt
scp web_app.tgz deploy@test:/home/deploy/
scp buildweb.txt deploy@test:/home/deploy/
scp buildweb.txt deploy@test:/home/deploy/deploy.webapp]]></param>
          <param name="teamcity.build.workingDir" value="target" />
          <param name="teamcity.step.mode" value="default" />
          <param name="use.custom.script" value="true" />
        </parameters>
      </runner>
    </build-runners>
    <vcs-settings>
      <vcs-entry-ref root-id="CodeshelfUX_master" />
    </vcs-settings>
    <requirements />
    <build-triggers>
      <build-trigger id="TRIGGER_2" type="buildDependencyTrigger">
        <parameters>
          <param name="afterSuccessfulBuildOnly" value="true" />
          <param name="dependsOn" value="CodeshelfUX_1ci" />
        </parameters>
      </build-trigger>
    </build-triggers>
    <dependencies>
      <depend-on sourceBuildTypeId="CodeshelfUX_1ci">
        <options>
          <option name="take-started-build-with-same-revisions" value="true" />
          <option name="take-successful-builds-only" value="true" />
        </options>
      </depend-on>
    </dependencies>
    <cleanup>
      <policy type="days" cleanup-level="EVERYTHING">
        <parameters>
          <param name="keepDays.count" value="60" />
        </parameters>
      </policy>
      <policy type="days" cleanup-level="ARTIFACTS">
        <parameters>
          <param name="keepDays.count" value="14" />
        </parameters>
      </policy>
    </cleanup>
  </settings>
</build-type>

