<?xml version="1.0" encoding="UTF-8"?>
<!DOCTYPE build-type SYSTEM "../../../project-config.dtd">

<build-type>
  <name>4. CD (Release Candidate to stage.codeshelf.com)</name>
  <description>Continuous Delivery (Release Candidate to stage.codeshelf.com)</description>
  <settings>
    <options>
      <option name="artifactRules" value="target/buildweb.txt&#xA;target/web_app.tgz" />
      <option name="buildNumberPattern" value="9.%build.counter%" />
    </options>
    <parameters />
    <build-runners>
      <runner id="RUNNER_20" name="Create version.json" type="simpleRunner">
        <parameters>
          <param name="script.content"><![CDATA[echo { \"major\": \"9\", \"revision\": \"%build.counter%\", > version.json
echo \"date\": \"`date`\", \"branch\": \"%vcsroot.branch%\", \"commit\": \"%build.vcs.number%\" } >> version.json]]></param>
          <param name="teamcity.build.workingDir" value="src/html" />
          <param name="teamcity.step.mode" value="default" />
          <param name="use.custom.script" value="true" />
        </parameters>
      </runner>
      <runner id="RUNNER_18" name="build-for-stage" type="Ant">
        <parameters>
          <param name="build-file-path" value="build/build.xml" />
          <param name="target" value="build-for-stage" />
          <param name="teamcity.build.workingDir" value="build/" />
          <param name="teamcity.coverage.emma.include.source" value="true" />
          <param name="teamcity.coverage.emma.instr.parameters" value="-ix -*Test*" />
          <param name="teamcity.coverage.idea.includePatterns" value="*" />
          <param name="teamcity.coverage.jacoco.patterns" value="+:*" />
          <param name="teamcity.step.mode" value="default" />
        </parameters>
      </runner>
      <runner id="RUNNER_19" name="Create js archive" type="simpleRunner">
        <parameters>
          <param name="script.content" value="tar -czf ../web_app.tgz ./" />
          <param name="teamcity.build.workingDir" value="target/web/" />
          <param name="teamcity.step.mode" value="default" />
          <param name="use.custom.script" value="true" />
        </parameters>
      </runner>
      <runner id="RUNNER_21" name="Deploy to stage" type="simpleRunner">
        <parameters>
          <param name="script.content"><![CDATA[cp web/version.json ./buildweb.txt
scp web_app.tgz deploy@stage:/home/deploy/
scp buildweb.txt deploy@stage:/home/deploy/
scp buildweb.txt deploy@stage:/home/deploy/deploy.webapp]]></param>
          <param name="teamcity.build.workingDir" value="target" />
          <param name="teamcity.step.mode" value="default" />
          <param name="use.custom.script" value="true" />
        </parameters>
      </runner>
    </build-runners>
    <vcs-settings>
      <vcs-entry-ref root-id="CodeshelfUX_ReleaseCandidate" />
    </vcs-settings>
    <requirements />
    <build-triggers>
      <build-trigger id="TRIGGER_3" type="buildDependencyTrigger">
        <parameters>
          <param name="afterSuccessfulBuildOnly" value="true" />
          <param name="dependsOn" value="CodeshelfUX_ciReleaseCandidate" />
        </parameters>
      </build-trigger>
    </build-triggers>
    <dependencies>
      <depend-on sourceBuildTypeId="CodeshelfUX_ciReleaseCandidate">
        <options>
          <option name="take-started-build-with-same-revisions" value="true" />
          <option name="take-successful-builds-only" value="true" />
        </options>
      </depend-on>
    </dependencies>
    <cleanup />
  </settings>
</build-type>

