<?xml version="1.0" encoding="UTF-8"?>
<!DOCTYPE build-type SYSTEM "../../../project-config.dtd">

<build-type>
  <name>1. CI (master)</name>
  <description>Continuous Integration build+test master</description>
  <settings>
    <parameters />
    <build-runners>
      <runner id="RUNNER_2" name="build-for-stage" type="Ant">
        <parameters>
          <param name="build-file-path" value="build/build.xml" />
          <param name="target" value="build-for-stage" />
          <param name="teamcity.build.workingDir" value="build/" />
          <param name="teamcity.coverage.emma.include.source" value="true" />
          <param name="teamcity.coverage.emma.instr.parameters" value="-ix -*Test*" />
          <param name="teamcity.coverage.idea.includePatterns" value="*" />
          <param name="teamcity.coverage.jacoco.patterns" value="+:*" />
          <param name="teamcity.step.mode" value="default" />
        </parameters>
      </runner>
      <runner id="RUNNER_3" name="Karma unit tests" type="simpleRunner">
        <parameters>
          <param name="script.content"><![CDATA[npm install
node_modules/.bin/karma start --single-run --reporters teamcity config/karma.conf.js]]></param>
          <param name="teamcity.step.mode" value="default" />
          <param name="use.custom.script" value="true" />
        </parameters>
      </runner>
    </build-runners>
    <vcs-settings>
      <vcs-entry-ref root-id="CodeshelfUX_master" />
    </vcs-settings>
    <requirements />
    <build-triggers>
      <build-trigger id="vcsTrigger" type="vcsTrigger">
        <parameters>
          <param name="quietPeriod" value="120" />
          <param name="quietPeriodMode" value="USE_CUSTOM" />
          <param name="triggerRules" value="+:**" />
        </parameters>
      </build-trigger>
    </build-triggers>
    <cleanup>
      <policy type="days" cleanup-level="EVERYTHING">
        <parameters>
          <param name="keepDays.count" value="60" />
        </parameters>
      </policy>
      <policy type="days" cleanup-level="ARTIFACTS">
        <parameters>
          <param name="keepDays.count" value="14" />
        </parameters>
      </policy>
    </cleanup>
  </settings>
</build-type>

