<?xml version="1.0" encoding="UTF-8"?>
<!DOCTYPE vcs-root SYSTEM "../../../project-config.dtd">

<vcs-root type="jetbrains.git">
  <name>Codeshelf Release Candidate</name>
  <param name="agentCleanFilesPolicy" value="ALL_UNTRACKED" />
  <param name="agentCleanPolicy" value="ON_BRANCH_CHANGE" />
  <param name="authMethod" value="TEAMCITY_SSH_KEY" />
  <param name="branch" value="refs/heads/v9" />
  <param name="ignoreKnownHosts" value="true" />
  <param name="submoduleCheckout" value="CHECKOUT" />
  <param name="teamcitySshKey" value="id_rsa_ivancodeshelfgithub" />
  <param name="url" value="ssh://git@github.com/codeshelf/Codeshelf.git" />
  <param name="usernameStyle" value="USERID" />
</vcs-root>

