<?xml version="1.0" encoding="UTF-8"?>
<root>
  <page path="/admin/admin.html">
    <usage userId="1" timestamp="1403826803482" />
  </page>
  <page path="/admin/attachBuildTypeVcsRoots.html">
    <usage userId="1" timestamp="1403738127320" />
  </page>
  <page path="/admin/createBuildType.html">
    <usage userId="1" timestamp="1403738072329" />
  </page>
  <page path="/admin/discoverRunners.html">
    <usage userId="1" timestamp="1403738137765" />
  </page>
  <page path="/admin/editBuild.html">
    <usage userId="1" timestamp="1403740948015" />
  </page>
  <page path="/admin/editBuildRunners.html">
    <usage userId="1" timestamp="1403738268660" />
  </page>
  <page path="/admin/editBuildTypeVcsRoots.html">
    <usage userId="1" timestamp="1403740842267" />
  </page>
  <page path="/admin/editDependencies.html">
    <usage userId="1" timestamp="1403738382181" />
  </page>
  <page path="/admin/editProject.html">
    <usage userId="1" timestamp="1403738648122" />
  </page>
  <page path="/admin/editProject.html?tab=projectGeneralTab">
    <usage userId="1" timestamp="1403730654023" />
  </page>
  <page path="/admin/editProject.html?tab=projectVcsRoots">
    <usage userId="1" timestamp="1403737901693" />
  </page>
  <page path="/admin/editRunType.html">
    <usage userId="1" timestamp="1403738251484" />
  </page>
  <page path="/admin/editTriggers.html">
    <usage userId="1" timestamp="1403738386634" />
  </page>
  <page path="/admin/editVcsRoot.html">
    <usage userId="1" timestamp="1403737853669" />
  </page>
  <page path="/agents.html">
    <usage userId="1" timestamp="1403668405010" />
  </page>
  <page path="/agents.html?tab=disconnectedAgents">
    <usage userId="1" timestamp="1403668437238" />
  </page>
  <page path="/agents.html?tab=registeredAgents">
    <usage userId="1" timestamp="1403668440740" />
  </page>
  <page path="/allProjects.html">
    <usage userId="1" timestamp="1403738675992" />
  </page>
  <page path="/buildTypePopup.html">
    <usage userId="1" timestamp="1403725002676" />
  </page>
  <page path="/changesPopup.html">
    <usage userId="1" timestamp="1403826273616" />
  </page>
  <page path="/diffView.html">
    <usage userId="1" timestamp="1403656924144" />
  </page>
  <page path="/overview.html">
    <usage userId="1" timestamp="1403827274356" />
  </page>
  <page path="/project.html">
    <usage userId="1" timestamp="1403826316172" />
  </page>
  <page path="/project.html?tab=projectOverview">
    <usage userId="1" timestamp="1403739082732" />
  </page>
  <page path="/projectPopup.html">
    <usage userId="1" timestamp="1403826621386" />
  </page>
  <page path="/queue.html">
    <usage userId="1" timestamp="1403733816504" />
  </page>
  <page path="/runCustomBuild.html">
    <usage userId="1" timestamp="1403733911018" />
  </page>
  <page path="/systemProblems.html">
    <usage userId="1" timestamp="1403548647883" />
  </page>
  <page path="/viewArtifactsPopup.html">
    <usage userId="1" timestamp="1403668803071" />
  </page>
  <page path="/viewLog.html?tab=buildChangesDiv">
    <usage userId="1" timestamp="1403826260768" />
  </page>
  <page path="/viewLog.html?tab=buildLog">
    <usage userId="1" timestamp="1403826628327" />
  </page>
  <page path="/viewLog.html?tab=buildResultsDiv">
    <usage userId="1" timestamp="1403826624584" />
  </page>
  <page path="/viewModification.html?tab=vcsModificationFiles">
    <usage userId="1" timestamp="1403656917658" />
  </page>
  <page path="/viewQueued.html?tab=queuedBuildCompatibilityTab">
    <usage userId="1" timestamp="1403734290284" />
  </page>
  <page path="/viewQueued.html?tab=queuedBuildOverviewTab">
    <usage userId="1" timestamp="1403734288443" />
  </page>
  <page path="/viewType.html">
    <usage userId="1" timestamp="1403740818832" />
  </page>
  <page path="/viewType.html?tab=buildTypeHistoryList">
    <usage userId="1" timestamp="1403656911042" />
  </page>
  <page path="/visibleProjects.html">
    <usage userId="1" timestamp="1403666114599" />
  </page>
</root>

