<?xml version="1.0" encoding="UTF-8"?>
<!DOCTYPE build-type SYSTEM "../../../project-config.dtd">

<build-type>
  <name>4. CD (Release Candidate to stage.codeshelf.com)</name>
  <description>Continuous Delivery (Release Candidate to stage.codeshelf.com)</description>
  <settings>
    <options>
      <option name="artifactRules" value="target/build.txt&#xA;target/lib.tgz&#xA;target/appjar/server.codeshelf.jar&#xA;target/appjar/sitecontroller.codeshelf.jar" />
      <option name="buildNumberPattern" value="9.%build.counter%" />
    </options>
    <parameters />
    <build-runners>
      <runner id="RUNNER_14" name="Create version.properties" type="simpleRunner">
        <parameters>
          <param name="script.content"><![CDATA[echo version.major=9 > version.properties
echo version.revision=%build.counter% >> version.properties
echo version.date=`date` >> version.properties
echo version.branch=%vcsroot.branch% >> version.properties
echo version.commit=%build.vcs.number% >> version.properties]]></param>
          <param name="teamcity.build.workingDir" value="conf" />
          <param name="teamcity.step.mode" value="default" />
          <param name="use.custom.script" value="true" />
        </parameters>
      </runner>
      <runner id="RUNNER_12" name="Compile and unit test" type="Ant">
        <parameters>
          <param name="build-file-path" value="build/build.xml" />
          <param name="target" value="build.all" />
          <param name="teamcity.coverage.emma.include.source" value="true" />
          <param name="teamcity.coverage.emma.instr.parameters" value="-ix -*Test*" />
          <param name="teamcity.coverage.idea.includePatterns" value="*" />
          <param name="teamcity.coverage.jacoco.patterns" value="+:*" />
          <param name="teamcity.step.mode" value="default" />
        </parameters>
      </runner>
      <runner id="RUNNER_13" name="Create library archive" type="simpleRunner">
        <parameters>
          <param name="script.content" value="tar -czf ../lib.tgz lib/" />
          <param name="teamcity.build.workingDir" value="target/appjar" />
          <param name="teamcity.step.mode" value="default" />
          <param name="use.custom.script" value="true" />
        </parameters>
      </runner>
      <runner id="RUNNER_15" name="Deploy to stage" type="simpleRunner">
        <parameters>
          <param name="script.content"><![CDATA[cp ../conf/version.properties ./build.txt
scp appjar/server.codeshelf.jar deploy@stage:/home/deploy/
scp appjar/sitecontroller.codeshelf.jar deploy@stage:/home/deploy/
scp lib.tgz deploy@stage:/home/deploy/
scp build.txt deploy@stage:/home/deploy/
scp build.txt deploy@stage:/home/deploy/deploy.engine]]></param>
          <param name="teamcity.build.workingDir" value="target" />
          <param name="teamcity.step.mode" value="default" />
          <param name="use.custom.script" value="true" />
        </parameters>
      </runner>
    </build-runners>
    <vcs-settings>
      <vcs-entry-ref root-id="Codeshelf_ReleaseCandidate" />
    </vcs-settings>
    <requirements />
    <build-triggers>
      <build-trigger id="TRIGGER_4" type="buildDependencyTrigger">
        <parameters>
          <param name="afterSuccessfulBuildOnly" value="true" />
          <param name="dependsOn" value="Codeshelf_ciReleaseCandidate" />
        </parameters>
      </build-trigger>
    </build-triggers>
    <dependencies>
      <depend-on sourceBuildTypeId="Codeshelf_ciReleaseCandidate">
        <options>
          <option name="take-started-build-with-same-revisions" value="true" />
          <option name="take-successful-builds-only" value="true" />
        </options>
      </depend-on>
    </dependencies>
    <cleanup />
  </settings>
</build-type>

