<?xml version="1.0" encoding="UTF-8"?>
<!DOCTYPE build-type SYSTEM "../../../project-config.dtd">

<build-type>
  <name>1. CI (master)</name>
  <description>Continuous Integration build+test master</description>
  <settings>
    <parameters />
    <build-runners>
      <runner id="RUNNER_1" name="Compile and unit test" type="Ant">
        <parameters>
          <param name="build-file-path" value="build/build.xml" />
          <param name="target" value="junit" />
          <param name="teamcity.coverage.emma.include.source" value="true" />
          <param name="teamcity.coverage.emma.instr.parameters" value="-ix -*Test*" />
          <param name="teamcity.coverage.idea.includePatterns" value="*" />
          <param name="teamcity.coverage.jacoco.patterns" value="+:*" />
          <param name="teamcity.step.mode" value="default" />
        </parameters>
      </runner>
    </build-runners>
    <vcs-settings>
      <vcs-entry-ref root-id="Codeshelf_master" />
    </vcs-settings>
    <requirements />
    <build-triggers>
      <build-trigger id="vcsTrigger" type="vcsTrigger">
        <parameters>
          <param name="quietPeriod" value="120" />
          <param name="quietPeriodMode" value="USE_CUSTOM" />
          <param name="triggerRules" value="+:**" />
        </parameters>
      </build-trigger>
    </build-triggers>
    <build-extensions>
      <extension id="BUILD_EXT_1" type="BuildFailureOnMetric">
        <parameters>
          <param name="anchorBuild" value="lastSuccessful" />
          <param name="metricKey" value="buildTestCount" />
          <param name="metricThreshold" value="20" />
          <param name="metricUnits" value="metricUnitsPercents" />
          <param name="moreOrLess" value="less" />
          <param name="withBuildAnchor" value="true" />
        </parameters>
      </extension>
    </build-extensions>
    <cleanup>
      <policy type="days" cleanup-level="EVERYTHING">
        <parameters>
          <param name="keepDays.count" value="60" />
        </parameters>
      </policy>
      <policy type="days" cleanup-level="ARTIFACTS">
        <parameters>
          <param name="keepDays.count" value="14" />
        </parameters>
      </policy>
    </cleanup>
  </settings>
</build-type>

